AGS3_GROUP,AGS3_HEADING,AGS4_GROUP,AGS4_HEADING
ABBR,ABBR_CODE,ABBR,ABBR_CODE
ABBR,ABBR_DESC,ABBR,ABBR_DESC
ABBR,ABBR_HDNG,ABBR,ABBR_HDNG
BKFL,BKFL_BASE,BKFL,BKFL_BASE
BKFL,BKFL_DATE,BKFL,BKFL_DATE
BKFL,BKFL_LEG,BKFL,BKFL_LEG
BKFL,BKFL_REM,BKFL,BKFL_REM
BKFL,BKFL_TOP,BKFL,BKFL_TOP
BKFL,FILE_FSET,BKFL,FILE_FSET
BKFL,HOLE_ID,BKFL,LOCA_ID
BTVT,BTVT_APTR,WGPT,WGPT_RDNG
BTVT,BTVT_DA,WGPT,WGPT_RDNG
BTVT,BTVT_DD,WGPT,WGPT_RDNG
BTVT,BTVT_JCDN,WGPT,WGPT_RDNG
BTVT,BTVT_REM,WGPG,WGPG_REM
BTVT,BTVT_RGHN,WGPT,WGPT_RDNG
BTVT,HOLE_ID,WGPG,LOCA_ID
CDIA,CDIA_CDEP,CDIA,CDIA_DPTH
CDIA,CDIA_HOLE,CDIA,CDIA_DIAM
CDIA,CDIA_REM,CDIA,CDIA_REM
CDIA,HOLE_ID,CDIA,LOCA_ID
CLSS,CLSS_425,LLPL,LLPL_425
CLSS,CLSS_BDEN,LDEN,LDEN_BDEN
CLSS,CLSS_DDEN,LDEN,LDEN_DDEN
CLSS,CLSS_HVP,LVAN,LVAN_VNPK
CLSS,CLSS_HVR,LVAN,LVAN_VNRM
CLSS,CLSS_LL,LLPL,LLPL_LL
CLSS,CLSS_LS,LLIN,LLIN_LS
CLSS,CLSS_NMC,LNMC,LNMC_MC
CLSS,CLSS_PD,LPDN,LPDN_PDEN
CLSS,CLSS_PL,LLPL,LLPL_PL
CLSS,CLSS_PPEN,LPEN,LPEN_PPEN
CLSS,CLSS_PREP,LLIN,LLIN_PREP
CLSS,CLSS_PREP,LLPL,LLPL_PREP
CLSS,CLSS_PREP,LSLT,SPEC_PREP
CLSS,CLSS_REM,LDEN,LDEN_REM
CLSS,CLSS_REM,LLIN,LLIN_REM
CLSS,CLSS_REM,LLPL,LLPL_REM
CLSS,CLSS_REM,LNMC,LNMC_REM
CLSS,CLSS_REM,LPDN,LPDN_REM
CLSS,CLSS_REM,LPEN,LPEN_REM
CLSS,CLSS_REM,LSLT,LSLT_REM
CLSS,CLSS_REM,LVAN,LVAN_REM
CLSS,CLSS_SLIM,LSLT,LSLT_SLIM
CLSS,CLSS_VNPK,LVAN,LVAN_VNPK
CLSS,CLSS_VNRM,LVAN,LVAN_VNRM
CLSS,FILE_FSET,LDEN,FILE_FSET
CLSS,FILE_FSET,LLIN,FILE_FSET
CLSS,FILE_FSET,LLPL,FILE_FSET
CLSS,FILE_FSET,LNMC,FILE_FSET
CLSS,FILE_FSET,LPDN,FILE_FSET
CLSS,FILE_FSET,LPEN,FILE_FSET
CLSS,FILE_FSET,LSLT,FILE_FSET
CLSS,FILE_FSET,LVAN,FILE_FSET
CLSS,HOLE_ID,LDEN,LOCA_ID
CLSS,HOLE_ID,LLIN,LOCA_ID
CLSS,HOLE_ID,LLPL,LOCA_ID
CLSS,HOLE_ID,LNMC,LOCA_ID
CLSS,HOLE_ID,LPDN,LOCA_ID
CLSS,HOLE_ID,LPEN,LOCA_ID
CLSS,HOLE_ID,LSLT,LOCA_ID
CLSS,HOLE_ID,LVAN,LOCA_ID
CLSS,SAMP_REF,LDEN,SAMP_REF
CLSS,SAMP_REF,LLIN,SAMP_REF
CLSS,SAMP_REF,LLPL,SAMP_REF
CLSS,SAMP_REF,LNMC,SAMP_REF
CLSS,SAMP_REF,LPDN,SAMP_REF
CLSS,SAMP_REF,LPEN,SAMP_REF
CLSS,SAMP_REF,LSLT,SAMP_REF
CLSS,SAMP_REF,LVAN,SAMP_REF
CLSS,SAMP_TOP,LDEN,SAMP_TOP
CLSS,SAMP_TOP,LLIN,SAMP_TOP
CLSS,SAMP_TOP,LLPL,SAMP_TOP
CLSS,SAMP_TOP,LNMC,SAMP_TOP
CLSS,SAMP_TOP,LPDN,SAMP_TOP
CLSS,SAMP_TOP,LPEN,SAMP_TOP
CLSS,SAMP_TOP,LSLT,SAMP_TOP
CLSS,SAMP_TOP,LVAN,SAMP_TOP
CLSS,SAMP_TYPE,LDEN,SAMP_TYPE
CLSS,SAMP_TYPE,LLIN,SAMP_TYPE
CLSS,SAMP_TYPE,LLPL,SAMP_TYPE
CLSS,SAMP_TYPE,LNMC,SAMP_TYPE
CLSS,SAMP_TYPE,LPDN,SAMP_TYPE
CLSS,SAMP_TYPE,LPEN,SAMP_TYPE
CLSS,SAMP_TYPE,LSLT,SAMP_TYPE
CLSS,SAMP_TYPE,LVAN,SAMP_TYPE
CLSS,SPEC_DPTH,LDEN,SPEC_DPTH
CLSS,SPEC_DPTH,LLIN,SPEC_DPTH
CLSS,SPEC_DPTH,LLPL,SPEC_DPTH
CLSS,SPEC_DPTH,LNMC,SPEC_DPTH
CLSS,SPEC_DPTH,LPDN,SPEC_DPTH
CLSS,SPEC_DPTH,LPEN,SPEC_DPTH
CLSS,SPEC_DPTH,LSLT,SPEC_DPTH
CLSS,SPEC_DPTH,LVAN,SPEC_DPTH
CLSS,SPEC_REF,LDEN,SPEC_REF
CLSS,SPEC_REF,LLIN,SPEC_REF
CLSS,SPEC_REF,LLPL,SPEC_REF
CLSS,SPEC_REF,LNMC,SPEC_REF
CLSS,SPEC_REF,LPDN,SPEC_REF
CLSS,SPEC_REF,LPEN,SPEC_REF
CLSS,SPEC_REF,LSLT,SPEC_REF
CLSS,SPEC_REF,LVAN,SPEC_REF
CNMT,CNMT_CAS,ELRG,ELRG_CASC
CNMT,CNMT_CRED,ELRG,ELRG_CRED
CNMT,CNMT_CRED,GCHM,GCHM_CRED
CNMT,CNMT_LAB,ELRG,ELRG_LAB
CNMT,CNMT_LAB,GCHM,GCHM_LAB
CNMT,CNMT_LBID,ELRG,ELRG_LSID
CNMT,CNMT_LBID,GCHM,GCHM_LSID
CNMT,CNMT_LIM,ELRG,ELRG_MDLM
CNMT,CNMT_LIM,GCHM,GCHM_DLM
CNMT,CNMT_METH,ELRG,ELRG_METH
CNMT,CNMT_METH,GCHM,GCHM_METH
CNMT,CNMT_NAME,ELRG,ELRG_NAME
CNMT,CNMT_NAME,GCHM,GCHM_NAME
CNMT,CNMT_PREP,ELRG,SPEC_PREP
CNMT,CNMT_PREP,GCHM,SPEC_PREP
CNMT,CNMT_REM,ELRG,ELRG_REM
CNMT,CNMT_REM,GCHM,GCHM_REM
CNMT,CNMT_RESL,ELRG,ELRG_RVAL
CNMT,CNMT_RESL,GCHM,GCHM_RESL
CNMT,CNMT_TTYP,GCHM,GCHM_TTYP
CNMT,CNMT_TYPE,ELRG,ELRG_CODE
CNMT,CNMT_TYPE,GCHM,GCHM_CODE
CNMT,CNMT_UNIT,ELRG,ELRG_RUNI
CNMT,CNMT_UNIT,GCHM,GCHM_UNIT
CNMT,FILE_FSET,ELRG,FILE_FSET
CNMT,FILE_FSET,GCHM,FILE_FSET
CNMT,HOLE_ID,ELRG,LOCA_ID
CNMT,HOLE_ID,GCHM,LOCA_ID
CNMT,SAMP_REF,ELRG,SAMP_REF
CNMT,SAMP_REF,GCHM,SAMP_REF
CNMT,SAMP_TOP,ELRG,SAMP_TOP
CNMT,SAMP_TOP,GCHM,SAMP_TOP
CNMT,SAMP_TYPE,ELRG,SAMP_TYPE
CNMT,SAMP_TYPE,GCHM,SAMP_TYPE
CNMT,SPEC_DPTH,ELRG,SPEC_DPTH
CNMT,SPEC_DPTH,GCHM,SPEC_DPTH
CNMT,SPEC_REF,ELRG,SPEC_REF
CNMT,SPEC_REF,GCHM,SPEC_REF
CONG,CONG_BDEN,CONG,CONG_BDEN
CONG,CONG_COND,CONG,CONG_COND
CONG,CONG_DDEN,CONG,CONG_DDEN
CONG,CONG_DIA,CONG,CONG_SDIA
CONG,CONG_HIGT,CONG,CONG_HIGT
CONG,CONG_INCD,CONS,CONS_INCF
CONG,CONG_INCD,CONS,CONS_INCN
CONG,CONG_INCM,CONS,CONS_INMV
CONG,CONG_IVR,CONG,CONG_IVR
CONG,CONG_MCF,CONG,CONG_MCF
CONG,CONG_MCI,CONG,CONG_MCI
CONG,CONG_PDEN,CONG,CONG_PDEN
CONG,CONG_REM,CONG,CONG_REM
CONG,CONG_SATH,CONG,CONG_SATH
CONG,CONG_SATR,CONG,CONG_SATR
CONG,CONG_SPRS,CONG,CONG_SPRS
CONG,CONG_TYPE,CONG,CONG_TYPE
CONG,FILE_FSET,CONG,FILE_FSET
CONG,HOLE_ID,CONG,LOCA_ID
CONG,SAMP_REF,CONG,SAMP_REF
CONG,SAMP_TOP,CONG,SAMP_TOP
CONG,SAMP_TYPE,CONG,SAMP_TYPE
CONG,SPEC_DPTH,CONG,SPEC_DPTH
CONG,SPEC_REF,CONG,SPEC_REF
CONS,CONS_CVLG,CONS,CONS_CVLG
CONS,CONS_CVRT,CONS,CONS_CVRT
CONS,CONS_INCE,CONS,CONS_INCE
CONS,CONS_INCF,CONS,CONS_INCF
CONS,CONS_INCN,CONS,CONS_INCN
CONS,CONS_INCV,CONS,CONS_CVLG
CONS,CONS_INCV,CONS,CONS_CVRT
CONS,CONS_INMV,CONS,CONS_INMV
CONS,CONS_INSC,CONS,CONS_INSC
CONS,CONS_IVR,CONS,CONS_IVR
CONS,CONS_REM,CONS,CONS_REM
CONS,HOLE_ID,CONS,LOCA_ID
CONS,SAMP_REF,CONS,SAMP_REF
CONS,SAMP_TOP,CONS,SAMP_TOP
CONS,SAMP_TYPE,CONS,SAMP_TYPE
CONS,SPEC_DPTH,CONS,SPEC_DPTH
CONS,SPEC_REF,CONS,SPEC_REF
CORE,CORE_BOT,CORE,CORE_BASE
CORE,CORE_DIAM,CORE,CORE_DIAM
CORE,CORE_PREC,CORE,CORE_PREC
CORE,CORE_REM,CORE,CORE_REM
CORE,CORE_RQD,CORE,CORE_RQD
CORE,CORE_SREC,CORE,CORE_SREC
CORE,CORE_TOP,CORE,CORE_TOP
CORE,FILE_FSET,CORE,FILE_FSET
CORE,HOLE_ID,CORE,LOCA_ID
DETL,DETL_BASE,DETL,DETL_BASE
DETL,DETL_DESC,DETL,DETL_DESC
DETL,DETL_TOP,DETL,DETL_TOP
DETL,HOLE_ID,DETL,LOCA_ID
DICT,DICT_DESC,DICT,DICT_DESC
DICT,DICT_EXMP,DICT,DICT_EXMP
DICT,DICT_GRP,DICT,DICT_GRP
DICT,DICT_HDNG,DICT,DICT_HDNG
DICT,DICT_PGRP,DICT,DICT_PGRP
DICT,DICT_STAT,DICT,DICT_STAT
DICT,DICT_TYPE,DICT,DICT_TYPE
DICT,DICT_UNIT,DICT,DICT_UNIT
DISC,DISC_AMP,DISC,DISC_AMP
DISC,DISC_APOB,DISC,DISC_APOB
DISC,DISC_APP,DISC,DISC_APP
DISC,DISC_APT,DISC,DISC_APT
DISC,DISC_BASE,DISC,DISC_BASE
DISC,DISC_DIP,DISC,DISC_DIP
DISC,DISC_DIR,DISC,DISC_DIR
DISC,DISC_FLOW,DISC,DISC_FLOW
DISC,DISC_INFM,DISC,DISC_INFM
DISC,DISC_JRC,DISC,DISC_JRC
DISC,DISC_NUMB,DISC,DISC_NUMB
DISC,DISC_PERS,DISC,DISC_PERS
DISC,DISC_PLAN,DISC,DISC_PLAN
DISC,DISC_REM,DISC,DISC_REM
DISC,DISC_RGH,DISC,DISC_RGH
DISC,DISC_SEEP,DISC,DISC_SEEP
DISC,DISC_STR,DISC,DISC_STR
DISC,DISC_TERM,DISC,DISC_TERM
DISC,DISC_TOP,DISC,DISC_TOP
DISC,DISC_TYPE,DISC,DISC_TYPE
DISC,DISC_WAVE,DISC,DISC_WAVE
DISC,DISC_WETH,DISC,DISC_WETH
DISC,FILE_FSET,DISC,FILE_FSET
DISC,FRAC_SET,DISC,FRAC_SET
DISC,HOLE_ID,DISC,LOCA_ID
DREM,DREM_BDEP,DREM,DREM_BASE
DREM,DREM_DPTH,DREM,DREM_TOP
DREM,DREM_REM,DREM,DREM_REM
DREM,HOLE_ID,DREM,LOCA_ID
FILE,FILE_DATE,FILE,FILE_DATE
FILE,FILE_DESC,FILE,FILE_DESC
FILE,FILE_DOCT,FILE,FILE_DOCT
FILE,FILE_FSET,FILE,FILE_FSET
FILE,FILE_NAME,FILE,FILE_NAME
FILE,FILE_PROG,FILE,FILE_PROG
FILE,FILE_TYPE,FILE,FILE_TYPE
FLSH,FLSH_COL,FLSH,FLSH_COL
FLSH,FLSH_FROM,FLSH,FLSH_TOP
FLSH,FLSH_RETN,FLSH,FLSH_RETN
FLSH,FLSH_TO,FLSH,FLSH_BASE
FLSH,FLSH_TYPE,FLSH,FLSH_TYPE
FLSH,HOLE_ID,FLSH,LOCA_ID
FRAC,FRAC_BASE,FRAC,FRAC_TO
FRAC,FRAC_FI,FRAC,FRAC_FI
FRAC,FRAC_IAVE,FRAC,FRAC_IAVE
FRAC,FRAC_IMAX,FRAC,FRAC_IMAX
FRAC,FRAC_IMIN,FRAC,FRAC_IMIN
FRAC,FRAC_REM,FRAC,FRAC_REM
FRAC,FRAC_SET,FRAC,FRAC_SET
FRAC,FRAC_TOP,FRAC,FRAC_FROM
FRAC,HOLE_ID,FRAC,LOCA_ID
GEOL,FILE_FSET,GEOL,FILE_FSET
GEOL,GEOL_BASE,GEOL,GEOL_BASE
GEOL,GEOL_DESC,GEOL,GEOL_DESC
GEOL,GEOL_GEO2,GEOL,GEOL_GEO2
GEOL,GEOL_GEOL,GEOL,GEOL_GEOL
GEOL,GEOL_LEG,GEOL,GEOL_LEG
GEOL,GEOL_STAT,GEOL,GEOL_STAT
GEOL,GEOL_TOP,GEOL,GEOL_TOP
GEOL,HOLE_ID,GEOL,LOCA_ID
GRAD,FILE_FSET,GRAG,FILE_FSET
GRAD,FILE_FSET,GRAT,FILE_FSET
GRAD,GRAD_PERP,GRAT,GRAT_PERP
GRAD,GRAD_SIZE,GRAT,GRAT_SIZE
GRAD,HOLE_ID,GRAG,LOCA_ID
GRAD,HOLE_ID,GRAT,LOCA_ID
GRAD,SAMP_REF,GRAG,SAMP_REF
GRAD,SAMP_REF,GRAT,SAMP_REF
GRAD,SAMP_TOP,GRAG,SAMP_TOP
GRAD,SAMP_TOP,GRAT,SAMP_TOP
GRAD,SAMP_TYPE,GRAG,SAMP_TYPE
GRAD,SAMP_TYPE,GRAT,SAMP_TYPE
GRAD,SPEC_DPTH,GRAG,SPEC_DPTH
GRAD,SPEC_DPTH,GRAT,SPEC_DPTH
GRAD,SPEC_REF,GRAG,SPEC_REF
GRAD,SPEC_REF,GRAT,SPEC_REF
HDIA,HDIA_HDEP,HDIA,HDIA_DPTH
HDIA,HDIA_HOLE,HDIA,HDIA_DIAM
HDIA,HDIA_REM,HDIA,HDIA_REM
HDIA,HOLE_ID,HDIA,LOCA_ID
HDPH,FILE_FSET,HDPH,FILE_FSET
HDPH,HDPH_BASE,HDPH,HDPH_BASE
HDPH,HDPH_CREW,HDPH,HDPH_CREW
HDPH,HDPH_ENDD,HDPH,HDPH_ENDD
HDPH,HDPH_ENDT,HDPH,HDPH_ENDD
HDPH,HDPH_EXC,HDPH,HDPH_EXC
HDPH,HDPH_LOG,HDPH,HDPH_LOG
HDPH,HDPH_REM,HDPH,HDPH_REM
HDPH,HDPH_SHOR,HDPH,HDPH_SHOR
HDPH,HDPH_STAR,HDPH,HDPH_STAR
HDPH,HDPH_STAT,HDPH,HDPH_STAR
HDPH,HDPH_TOP,HDPH,HDPH_TOP
HDPH,HOLE_ID,HDPH,LOCA_ID
HDPH,HOLE_TYPE,LOCA,LOCA_TYPE
HOLE,FILE_FSET,LOCA,FILE_FSET
HOLE,HOLE_BACD,BKFL,BKFL_DATE
HOLE,HOLE_CLST,LOCA,LOCA_CLST
HOLE,HOLE_CNGE,LOCA,LOCA_CNGE
HOLE,HOLE_CREW,HDPH,HDPH_CREW
HOLE,HOLE_DIML,HDPH,HDPH_DIML
HOLE,HOLE_DIMW,HDPH,HDPH_DIMW
HOLE,HOLE_ENDD,LOCA,LOCA_ENDD
HOLE,HOLE_ETRV,LOCA,LOCA_ETRV
HOLE,HOLE_EXC,HDPH,HDPH_EXC
HOLE,HOLE_FDEP,LOCA,LOCA_FDEP
HOLE,HOLE_GL,LOCA,LOCA_GL
HOLE,HOLE_ID,LOCA,LOCA_ID
HOLE,HOLE_INCL,HORN,HORN_INCL
HOLE,HOLE_LETT,LOCA,LOCA_LETT
HOLE,HOLE_LOCA,LOCA,LOCA_LOCA
HOLE,HOLE_LOCM,LOCA,LOCA_LOCM
HOLE,HOLE_LOCX,LOCA,LOCA_LOCX
HOLE,HOLE_LOCY,LOCA,LOCA_LOCY
HOLE,HOLE_LOCZ,LOCA,LOCA_LOCZ
HOLE,HOLE_LOG,HDPH,HDPH_LOG
HOLE,HOLE_LTRV,LOCA,LOCA_LTRV
HOLE,HOLE_NATE,LOCA,LOCA_NATE
HOLE,HOLE_NATN,LOCA,LOCA_NATN
HOLE,HOLE_NTRV,LOCA,LOCA_NTRV
HOLE,HOLE_OFFS,LOCA,LOCA_OFFS
HOLE,HOLE_ORNT,HORN,HORN_ORNT
HOLE,HOLE_REM,LOCA,LOCA_REM
HOLE,HOLE_SHOR,HDPH,HDPH_SHOR
HOLE,HOLE_STAB,HDPH,HDPH_STAB
HOLE,HOLE_STAR,LOCA,LOCA_STAR
HOLE,HOLE_STAT,LOCA,LOCA_STAT
HOLE,HOLE_TYPE,LOCA,LOCA_TYPE
HORN,FILE_FSET,HORN,FILE_FSET
HORN,HOLE_ID,HORN,LOCA_ID
HORN,HORN_BASE,HORN,HORN_BASE
HORN,HORN_EAST,LOCA,LOCA_ETRV
HORN,HORN_EAST,LOCA,LOCA_NATE
HORN,HORN_ELEV,LOCA,LOCA_GL
HORN,HORN_ELEV,LOCA,LOCA_LTRV
HORN,HORN_INCL,HORN,HORN_INCL
HORN,HORN_NOTH,LOCA,LOCA_NATN
HORN,HORN_NOTH,LOCA,LOCA_NTRV
HORN,HORN_ORNT,HORN,HORN_ORNT
HORN,HORN_REM,HORN,HORN_REM
HORN,HORN_TOP,HORN,HORN_TOP
IPRM,FILE_FSET,FGHG,FILE_FSET
IPRM,FILE_FSET,FGHS,FILE_FSET
IPRM,HOLE_ID,FGHG,LOCA_ID
IPRM,HOLE_ID,FGHS,LOCA_ID
IPRM,IPRM_AWL,FGHG,FGHG_AWL
IPRM,IPRM_BASE,FGHG,FGHG_BASE
IPRM,IPRM_BASE,FGHS,FGHG_BASE
IPRM,IPRM_DATE,FGHG,FGHG_DATE
IPRM,IPRM_FLOW,FGHS,FGHS_FLOW
IPRM,IPRM_HEAD,FGHS,FGHS_HEAD
IPRM,IPRM_IPRM,FGHS,FGHS_IPRM
IPRM,IPRM_PRWL,FGHG,FGHG_PRWL
IPRM,IPRM_REM,FGHS,FGHS_REM
IPRM,IPRM_SDIA,FGHG,FGHG_SDIA
IPRM,IPRM_STG,FGHS,FGHS_STG
IPRM,IPRM_TDIA,FGHG,FGHG_TDIA
IPRM,IPRM_TESN,FGHG,FGHG_TESN
IPRM,IPRM_TESN,FGHS,FGHG_TESN
IPRM,IPRM_TOP,FGHG,FGHG_TOP
IPRM,IPRM_TOP,FGHS,FGHG_TOP
IPRM,IPRM_TYPE,FGHG,FGHG_TYPE
IRES,GEOL_STAT,IRES,GEOL_STAT
IRES,HOLE_ID,IRES,LOCA_ID
IRES,IRES_DATE,IRES,IRES_DATE
IRES,IRES_DPTH,IRES,IRES_DPTH
IRES,IRES_IRES,IRES,IRES_IRES
IRES,IRES_REM,IRES,IRES_REM
IRES,IRES_TESN,IRES,IRES_TESN
IRES,IRES_TYPE,IRES,IRES_TYPE
ISPT,HOLE_ID,ISPT,LOCA_ID
ISPT,ISPT_CAS,ISPT,ISPT_CAS
ISPT,ISPT_INC1,ISPT,ISPT_INC1
ISPT,ISPT_INC2,ISPT,ISPT_INC2
ISPT,ISPT_INC3,ISPT,ISPT_INC3
ISPT,ISPT_INC4,ISPT,ISPT_INC4
ISPT,ISPT_INC5,ISPT,ISPT_INC5
ISPT,ISPT_INC6,ISPT,ISPT_INC6
ISPT,ISPT_MAIN,ISPT,ISPT_MAIN
ISPT,ISPT_NPEN,ISPT,ISPT_NPEN
ISPT,ISPT_NVAL,ISPT,ISPT_NVAL
ISPT,ISPT_PEN1,ISPT,ISPT_PEN1
ISPT,ISPT_PEN2,ISPT,ISPT_PEN2
ISPT,ISPT_PEN3,ISPT,ISPT_PEN3
ISPT,ISPT_PEN4,ISPT,ISPT_PEN4
ISPT,ISPT_PEN5,ISPT,ISPT_PEN5
ISPT,ISPT_PEN6,ISPT,ISPT_PEN6
ISPT,ISPT_REM,ISPT,ISPT_REM
ISPT,ISPT_REP,ISPT,ISPT_REP
ISPT,ISPT_SEAT,ISPT,ISPT_SEAT
ISPT,ISPT_SWP,ISPT,ISPT_SWP
ISPT,ISPT_TOP,ISPT,ISPT_TOP
ISPT,ISPT_TYPE,ISPT,ISPT_TYPE
ISPT,ISPT_WAT,ISPT,ISPT_WAT
IVAN,GEOL_STAT,IVAN,GEOL_STAT
IVAN,HOLE_ID,IVAN,LOCA_ID
IVAN,IVAN_DATE,IVAN,IVAN_DATE
IVAN,IVAN_DPTH,IVAN,IVAN_DPTH
IVAN,IVAN_IPEN,LPEN,LPEN_PPEN
IVAN,IVAN_IVAN,IVAN,IVAN_IVAN
IVAN,IVAN_IVAR,IVAN,IVAN_IVAR
IVAN,IVAN_REM,IVAN,IVAN_REM
IVAN,IVAN_TESN,IVAN,IVAN_TESN
MONP,FILE_FSET,MONG,FILE_FSET
MONP,HOLE_ID,MONG,LOCA_ID
MONP,MONP_BRGA,MONG,MONG_BRGA
MONP,MONP_BRGB,MONG,MONG_BRGB
MONP,MONP_BRGC,MONG,MONG_BRGC
MONP,MONP_BRZ,MONG,MONG_BRZ
MONP,MONP_DATE,MONG,MONG_DATE
MONP,MONP_DIS,MONG,MONG_DIS
MONP,MONP_ID,MONG,MONG_ID
MONP,MONP_INCA,MONG,MONG_INCA
MONP,MONP_INCB,MONG,MONG_INCB
MONP,MONP_INCC,MONG,MONG_INCC
MONP,MONP_REM,MONG,MONG_REM
MONP,MONP_RSCA,MONG,MONG_RSCA
MONP,MONP_RSCB,MONG,MONG_RSCB
MONP,MONP_RSCC,MONG,MONG_RSCC
MONP,MONP_TRZ,MONG,MONG_TRZ
MONP,MONP_TYPE,MONG,MONG_TYPE
MONR,FILE_FSET,MOND,FILE_FSET
MONR,HOLE_ID,MOND,LOCA_ID
MONR,MONP_DIS,MOND,MONG_DIS
MONR,MONP_ID,MOND,MONG_ID
MONR,MONR_ANGA,MOND,MOND_RDNG
MONR,MONR_ANGB,MOND,MOND_RDNG
MONR,MONR_ANGC,MOND,MOND_RDNG
MONR,MONR_DATE,MOND,MOND_DTIM
MONR,MONR_DSPA,MOND,MOND_RDNG
MONR,MONR_DSPB,MOND,MOND_RDNG
MONR,MONR_DSPC,MOND,MOND_RDNG
MONR,MONR_EAST,MOND,MOND_RDNG
MONR,MONR_FLOW,MOND,MOND_RDNG
MONR,MONR_FORC,MOND,MOND_RDNG
MONR,MONR_GAUG,MOND,MOND_RDNG
MONR,MONR_LEV,MOND,MOND_RDNG
MONR,MONR_NRTH,MOND,MOND_RDNG
MONR,MONR_PRES,MOND,MOND_RDNG
MONR,MONR_REM,MOND,MOND_REM
MONR,MONR_STRA,MOND,MOND_RDNG
MONR,MONR_STRB,MOND,MOND_RDNG
MONR,MONR_STRC,MOND,MOND_RDNG
MONR,MONR_TEMP,MOND,MOND_RDNG
MONR,MONR_TIME,MOND,MOND_DTIM
MONR,MONR_WDEP,MOND,MOND_RDNG
MONR,MONR_WHD,MOND,MOND_RDNG
POBS,HOLE_ID,MOND,LOCA_ID
POBS,POBS_DATE,MOND,MOND_DTIM
POBS,POBS_DEP,MOND,MOND_RDNG
POBS,POBS_HEAD,MOND,MOND_RDNG
POBS,POBS_REM,MOND,MOND_REM
POBS,POBS_TIME,MOND,MOND_DTIM
POBS,PREF_TDEP,MOND,MOND_RDNG
PREF,FILE_FSET,MONG,FILE_FSET
PREF,HOLE_ID,MONG,LOCA_ID
PREF,PREF_BRPS,MONG,MONG_BRZ
PREF,PREF_DATE,MONG,MONG_DATE
PREF,PREF_REM,MONG,MONG_REM
PREF,PREF_TRPS,MONG,MONG_TRZ
PREF,PREF_TYPE,MONG,MONG_TYPE
PROJ,FILE_FSET,PROJ,FILE_FSET
PROJ,PROJ_AGS,TRAN,TRAN_AGS
PROJ,PROJ_CLNT,PROJ,PROJ_CLNT
PROJ,PROJ_CONT,PROJ,PROJ_CONT
PROJ,PROJ_DATE,TRAN,TRAN_DATE
PROJ,PROJ_ENG,PROJ,PROJ_ENG
PROJ,PROJ_ID,PROJ,PROJ_ID
PROJ,PROJ_ISNO,TRAN,TRAN_ISNO
PROJ,PROJ_LOC,PROJ,PROJ_LOC
PROJ,PROJ_MEMO,PROJ,PROJ_MEMO
PROJ,PROJ_NAME,PROJ,PROJ_NAME
PROJ,PROJ_PROD,TRAN,TRAN_PROD
PROJ,PROJ_RECV,TRAN,TRAN_RECV
PROJ,PROJ_STAT,TRAN,TRAN_STAT
PRTD,PRTG_PRES,PMTD,PMTD_TPC
PRTD,PRTG_REM,PMTD,PMTD_REM
PRTD,PRTG_VOL,PMTD,PMTD_VOL
PRTG,FILE_FSET,PMTG,FILE_FSET
PRTG,HOLE_ID,PMTG,LOCA_ID
PRTG,PRTD_DATE,PMTG,PMTG_DATE
PRTG,PRTD_DIA,PMTG,PMTG_DIAM
PRTG,PRTD_DPTH,PMTG,PMTG_DPTH
PRTG,PRTD_TREF,PMTG,PMTG_TESN
PRTG,PRTD_TYPE,PMTG,PMTG_TYPE
PRTG,PRTG_ADAA,PMTG,PMTG_AD
PRTG,PRTG_ADAA,PMTP,PMTP_AD
PRTG,PRTG_AFAA,PMTG,PMTG_AF
PRTG,PRTG_AFAA,PMTP,PMTP_AF
PRTG,PRTG_AFCV,PMTG,PMTG_AFCV
PRTG,PRTG_AFCV,PMTP,PMTP_AFCV
PRTG,PRTG_CRP,PMMG,PMMG_PF
PRTG,PRTG_CUAA,PMTG,PMTG_CU
PRTG,PRTG_CUAA,PMTP,PMTP_SU
PRTG,PRTG_GIAA,PMTG,PMTG_GI
PRTG,PRTG_GIAA,PMTP,PMTP_GI
PRTG,PRTG_HAA,PMTG,PMTG_HO
PRTG,PRTG_HAA,PMTP,PMTP_HO
PRTG,PRTG_MPMI,PMMG,PMMG_EM
PRTG,PRTG_MPMR,PMMC,PMMC_EMCY
PRTG,PRTG_PLAA,PMTG,PMTG_PL
PRTG,PRTG_PLAA,PMTP,PMTP_PL
PRTG,PRTG_REM,PMTG,PMTG_REM
PRTL,HOLE_ID,PMTL,LOCA_ID
PRTL,PRTD_DPTH,PMTL,PMTG_DPTH
PRTL,PRTD_TREF,PMTL,PMTG_TESN
PRTL,PRTL_GAA,PMTL,PMTL_GAA
PRTL,PRTL_LNO,PMTL,PMTL_LNO
PTIM,HOLE_ID,PTIM,LOCA_ID
PTIM,PTIM_CAS,PTIM,PTIM_CAS
PTIM,PTIM_DATE,PTIM,PTIM_DTIM
PTIM,PTIM_DEP,PTIM,PTIM_DPTH
PTIM,PTIM_REM,PTIM,PTIM_REM
PTIM,PTIM_TIME,PTIM,PTIM_DTIM
PTIM,PTIM_WAT,PTIM,PTIM_WAT
PTST,FILE_FSET,PTST,FILE_FSET
PTST,HOLE_ID,PTST,LOCA_ID
PTST,PTST_BDEN,PTST,PTST_BDEN
PTST,PTST_COND,PTST,PTST_COND
PTST,PTST_DDEN,PTST,PTST_DDEN
PTST,PTST_DIA,PTST,PTST_DIAM
PTST,PTST_FSAT,PTST,PTST_FSAT
PTST,PTST_ISAT,PTST,PTST_ISAT
PTST,PTST_K,PTST,PTST_K
PTST,PTST_LEN,PTST,PTST_LEN
PTST,PTST_MC,PTST,PTST_MC
PTST,PTST_PDEN,PTST,PTST_PDEN
PTST,PTST_REM,PTST,PTST_REM
PTST,PTST_SZUN,PTST,PTST_SZUN
PTST,PTST_TESN,PTST,PTST_TESN
PTST,PTST_TSTR,PTST,PTST_TSTR
PTST,PTST_UNS,PTST,PTST_UNS
PTST,PTST_VOID,PTST,PTST_VOID
PTST,SAMP_REF,PTST,SAMP_REF
PTST,SAMP_TOP,PTST,SAMP_TOP
PTST,SAMP_TYPE,PTST,SAMP_TYPE
PTST,SPEC_DPTH,PTST,SPEC_DPTH
PTST,SPEC_REF,PTST,SPEC_REF
PUMP,FILE_FSET,PUMT,FILE_FSET
PUMP,HOLE_ID,PUMT,LOCA_ID
PUMP,PUMP_DATE,PUMT,PUMT_DTIM
PUMP,PUMP_DPTH,PUMT,PUMT_DPTH
PUMP,PUMP_QUAT,PUMT,PUMT_QUAT
PUMP,PUMP_REM,PUMT,PUMT_REM
PUMP,PUMP_TIME,PUMT,PUMT_DTIM
ROCK,FILE_FSET,AAVT,FILE_FSET
ROCK,FILE_FSET,ACVT,FILE_FSET
ROCK,FILE_FSET,AELO,FILE_FSET
ROCK,FILE_FSET,AFLK,FILE_FSET
ROCK,FILE_FSET,AIVT,FILE_FSET
ROCK,FILE_FSET,ALOS,FILE_FSET
ROCK,FILE_FSET,APSV,FILE_FSET
ROCK,FILE_FSET,ASDI,FILE_FSET
ROCK,FILE_FSET,ASNS,FILE_FSET
ROCK,FILE_FSET,AWAD,FILE_FSET
ROCK,FILE_FSET,LDYN,FILE_FSET
ROCK,FILE_FSET,LSWL,FILE_FSET
ROCK,FILE_FSET,RCAG,FILE_FSET
ROCK,FILE_FSET,RCAT,FILE_FSET
ROCK,FILE_FSET,RDEN,FILE_FSET
ROCK,FILE_FSET,RPLT,FILE_FSET
ROCK,FILE_FSET,RSHR,FILE_FSET
ROCK,FILE_FSET,RTEN,FILE_FSET
ROCK,FILE_FSET,RUCS,FILE_FSET
ROCK,FILE_FSET,RWCO,FILE_FSET
ROCK,HOLE_ID,AAVT,LOCA_ID
ROCK,HOLE_ID,ACVT,LOCA_ID
ROCK,HOLE_ID,AELO,LOCA_ID
ROCK,HOLE_ID,AFLK,LOCA_ID
ROCK,HOLE_ID,AIVT,LOCA_ID
ROCK,HOLE_ID,ALOS,LOCA_ID
ROCK,HOLE_ID,APSV,LOCA_ID
ROCK,HOLE_ID,ASDI,LOCA_ID
ROCK,HOLE_ID,ASNS,LOCA_ID
ROCK,HOLE_ID,AWAD,LOCA_ID
ROCK,HOLE_ID,LDYN,LOCA_ID
ROCK,HOLE_ID,LSWL,LOCA_ID
ROCK,HOLE_ID,RCAG,LOCA_ID
ROCK,HOLE_ID,RCAT,LOCA_ID
ROCK,HOLE_ID,RDEN,LOCA_ID
ROCK,HOLE_ID,RPLT,LOCA_ID
ROCK,HOLE_ID,RSHR,LOCA_ID
ROCK,HOLE_ID,RTEN,LOCA_ID
ROCK,HOLE_ID,RUCS,LOCA_ID
ROCK,HOLE_ID,RWCO,LOCA_ID
ROCK,ROCK_AAV,AAVT,AAVT_AAV
ROCK,ROCK_ACST,RCAG,RCAG_CAIM
ROCK,ROCK_ACV,ACVT,ACVT_ACV
ROCK,ROCK_AIV,AIVT,AIVT_AIV
ROCK,ROCK_BDEN,RDEN,RDEN_BDEN
ROCK,ROCK_BRAZ,RTEN,RTEN_TENS
ROCK,ROCK_BREM,RTEN,RTEN_REM
ROCK,ROCK_CERA,RCAG,RCAG_CAIM
ROCK,ROCK_DDEN,RDEN,RDEN_DDEN
ROCK,ROCK_DESC,AAVT,SPEC_DESC
ROCK,ROCK_DESC,ACVT,SPEC_DESC
ROCK,ROCK_DESC,AELO,SPEC_DESC
ROCK,ROCK_DESC,AFLK,SPEC_DESC
ROCK,ROCK_DESC,AIVT,SPEC_DESC
ROCK,ROCK_DESC,ALOS,SPEC_DESC
ROCK,ROCK_DESC,APSV,SPEC_DESC
ROCK,ROCK_DESC,ASDI,SPEC_DESC
ROCK,ROCK_DESC,ASNS,SPEC_DESC
ROCK,ROCK_DESC,AWAD,SPEC_DESC
ROCK,ROCK_DESC,LDYN,SPEC_DESC
ROCK,ROCK_DESC,LSWL,SPEC_DESC
ROCK,ROCK_DESC,RCAG,SPEC_DESC
ROCK,ROCK_DESC,RDEN,SPEC_DESC
ROCK,ROCK_DESC,RPLT,SPEC_DESC
ROCK,ROCK_DESC,RSHR,SPEC_DESC
ROCK,ROCK_DESC,RTEN,SPEC_DESC
ROCK,ROCK_DESC,RUCS,SPEC_DESC
ROCK,ROCK_DESC,RWCO,SPEC_DESC
ROCK,ROCK_E,RUCS,RUCS_EAVG
ROCK,ROCK_EI,AELO,AELO_EI
ROCK,ROCK_EMOD,LDYN,LDYN_EMOD
ROCK,ROCK_FI,AFLK,AFLK_FI
ROCK,ROCK_GSB,SHBG,SHBG_TYPE
ROCK,ROCK_LOSA,ALOS,ALOS_LOSA
ROCK,ROCK_MC,RDEN,RDEN_MC
ROCK,ROCK_MC,RWCO,RWCO_MC
ROCK,ROCK_MU,RUCS,RUCS_MUAV
ROCK,ROCK_PDEN,RDEN,RDEN_PDEN
ROCK,ROCK_PLS,RPLT,RPLT_PLS
ROCK,ROCK_PLSI,RPLT,RPLT_PLSI
ROCK,ROCK_PLTF,RPLT,RPLT_PLTF
ROCK,ROCK_PORE,RDEN,RDEN_REM
ROCK,ROCK_PORO,RDEN,RDEN_PORO
ROCK,ROCK_PSV,APSV,APSV_AAV
ROCK,ROCK_PWAV,LDYN,LDYN_PWAV
ROCK,ROCK_SCT,RCAT,RCAT_CUT
ROCK,ROCK_SDI,ASDI,ASDI_SDI2
ROCK,ROCK_SG,LDYN,LDYN_SG
ROCK,ROCK_SHOR,RSHR,RSHR_SHOR
ROCK,ROCK_SOUN,ASNS,ASNS_SOUN
ROCK,ROCK_SWAV,LDYN,LDYN_SWAV
ROCK,ROCK_SWEL,LSWL,LSWL_SWPR
ROCK,ROCK_UCS,RUCS,RUCS_UCS
ROCK,ROCK_WTAB,AWAD,AWAD_WTAB
ROCK,SAMP_REF,AAVT,SAMP_REF
ROCK,SAMP_REF,ACVT,SAMP_REF
ROCK,SAMP_REF,AELO,SAMP_REF
ROCK,SAMP_REF,AFLK,SAMP_REF
ROCK,SAMP_REF,AIVT,SAMP_REF
ROCK,SAMP_REF,ALOS,SAMP_REF
ROCK,SAMP_REF,APSV,SAMP_REF
ROCK,SAMP_REF,ASDI,SAMP_REF
ROCK,SAMP_REF,ASNS,SAMP_REF
ROCK,SAMP_REF,AWAD,SAMP_REF
ROCK,SAMP_REF,LDYN,SAMP_REF
ROCK,SAMP_REF,LSWL,SAMP_REF
ROCK,SAMP_REF,RCAG,SAMP_REF
ROCK,SAMP_REF,RCAT,SAMP_REF
ROCK,SAMP_REF,RDEN,SAMP_REF
ROCK,SAMP_REF,RPLT,SAMP_REF
ROCK,SAMP_REF,RSHR,SAMP_REF
ROCK,SAMP_REF,RTEN,SAMP_REF
ROCK,SAMP_REF,RUCS,SAMP_REF
ROCK,SAMP_REF,RWCO,SAMP_REF
ROCK,SAMP_TOP,AAVT,SAMP_TOP
ROCK,SAMP_TOP,ACVT,SAMP_TOP
ROCK,SAMP_TOP,AELO,SAMP_TOP
ROCK,SAMP_TOP,AFLK,SAMP_TOP
ROCK,SAMP_TOP,AIVT,SAMP_TOP
ROCK,SAMP_TOP,ALOS,SAMP_TOP
ROCK,SAMP_TOP,APSV,SAMP_TOP
ROCK,SAMP_TOP,ASDI,SAMP_TOP
ROCK,SAMP_TOP,ASNS,SAMP_TOP
ROCK,SAMP_TOP,AWAD,SAMP_TOP
ROCK,SAMP_TOP,LDYN,SAMP_TOP
ROCK,SAMP_TOP,LSWL,SAMP_TOP
ROCK,SAMP_TOP,RCAG,SAMP_TOP
ROCK,SAMP_TOP,RCAT,SAMP_TOP
ROCK,SAMP_TOP,RDEN,SAMP_TOP
ROCK,SAMP_TOP,RPLT,SAMP_TOP
ROCK,SAMP_TOP,RSHR,SAMP_TOP
ROCK,SAMP_TOP,RTEN,SAMP_TOP
ROCK,SAMP_TOP,RUCS,SAMP_TOP
ROCK,SAMP_TOP,RWCO,SAMP_TOP
ROCK,SAMP_TYPE,AAVT,SAMP_TYPE
ROCK,SAMP_TYPE,ACVT,SAMP_TYPE
ROCK,SAMP_TYPE,AELO,SAMP_TYPE
ROCK,SAMP_TYPE,AFLK,SAMP_TYPE
ROCK,SAMP_TYPE,AIVT,SAMP_TYPE
ROCK,SAMP_TYPE,ALOS,SAMP_TYPE
ROCK,SAMP_TYPE,APSV,SAMP_TYPE
ROCK,SAMP_TYPE,ASDI,SAMP_TYPE
ROCK,SAMP_TYPE,ASNS,SAMP_TYPE
ROCK,SAMP_TYPE,AWAD,SAMP_TYPE
ROCK,SAMP_TYPE,LDYN,SAMP_TYPE
ROCK,SAMP_TYPE,LSWL,SAMP_TYPE
ROCK,SAMP_TYPE,RCAG,SAMP_TYPE
ROCK,SAMP_TYPE,RCAT,SAMP_TYPE
ROCK,SAMP_TYPE,RDEN,SAMP_TYPE
ROCK,SAMP_TYPE,RPLT,SAMP_TYPE
ROCK,SAMP_TYPE,RSHR,SAMP_TYPE
ROCK,SAMP_TYPE,RTEN,SAMP_TYPE
ROCK,SAMP_TYPE,RUCS,SAMP_TYPE
ROCK,SAMP_TYPE,RWCO,SAMP_TYPE
ROCK,SPEC_DPTH,AAVT,SPEC_DPTH
ROCK,SPEC_DPTH,ACVT,SPEC_DPTH
ROCK,SPEC_DPTH,AELO,SPEC_DPTH
ROCK,SPEC_DPTH,AFLK,SPEC_DPTH
ROCK,SPEC_DPTH,AIVT,SPEC_DPTH
ROCK,SPEC_DPTH,ALOS,SPEC_DPTH
ROCK,SPEC_DPTH,APSV,SPEC_DPTH
ROCK,SPEC_DPTH,ASDI,SPEC_DPTH
ROCK,SPEC_DPTH,ASNS,SPEC_DPTH
ROCK,SPEC_DPTH,AWAD,SPEC_DPTH
ROCK,SPEC_DPTH,LDYN,SPEC_DPTH
ROCK,SPEC_DPTH,LSWL,SPEC_DPTH
ROCK,SPEC_DPTH,RCAG,SPEC_DPTH
ROCK,SPEC_DPTH,RCAT,SPEC_DPTH
ROCK,SPEC_DPTH,RDEN,SPEC_DPTH
ROCK,SPEC_DPTH,RPLT,SPEC_DPTH
ROCK,SPEC_DPTH,RSHR,SPEC_DPTH
ROCK,SPEC_DPTH,RTEN,SPEC_DPTH
ROCK,SPEC_DPTH,RUCS,SPEC_DPTH
ROCK,SPEC_DPTH,RWCO,SPEC_DPTH
ROCK,SPEC_REF,AAVT,SPEC_REF
ROCK,SPEC_REF,ACVT,SPEC_REF
ROCK,SPEC_REF,AELO,SPEC_REF
ROCK,SPEC_REF,AFLK,SPEC_REF
ROCK,SPEC_REF,AIVT,SPEC_REF
ROCK,SPEC_REF,ALOS,SPEC_REF
ROCK,SPEC_REF,APSV,SPEC_REF
ROCK,SPEC_REF,ASDI,SPEC_REF
ROCK,SPEC_REF,ASNS,SPEC_REF
ROCK,SPEC_REF,AWAD,SPEC_REF
ROCK,SPEC_REF,LDYN,SPEC_REF
ROCK,SPEC_REF,LSWL,SPEC_REF
ROCK,SPEC_REF,RCAG,SPEC_REF
ROCK,SPEC_REF,RCAT,SPEC_REF
ROCK,SPEC_REF,RDEN,SPEC_REF
ROCK,SPEC_REF,RPLT,SPEC_REF
ROCK,SPEC_REF,RSHR,SPEC_REF
ROCK,SPEC_REF,RTEN,SPEC_REF
ROCK,SPEC_REF,RUCS,SPEC_REF
ROCK,SPEC_REF,RWCO,SPEC_REF
SAMP,FILE_FSET,SAMP,FILE_FSET
SAMP,GEOL_STAT,SAMP,GEOL_STAT
SAMP,HOLE_ID,SAMP,LOCA_ID
SAMP,SAMP_BAR,SAMP,SAMP_BAR
SAMP,SAMP_BASE,SAMP,SAMP_BASE
SAMP,SAMP_DATE,SAMP,SAMP_DTIM
SAMP,SAMP_DESC,SAMP,SAMP_DESC
SAMP,SAMP_DIA,SAMP,SAMP_SDIA
SAMP,SAMP_FLOW,SAMP,SAMP_FLOW
SAMP,SAMP_PREP,SAMP,SAMP_PREP
SAMP,SAMP_PRES,SAMP,SAMP_PRES
SAMP,SAMP_REF,SAMP,SAMP_REF
SAMP,SAMP_REM,SAMP,SAMP_REM
SAMP,SAMP_TEMP,SAMP,SAMP_TEMP
SAMP,SAMP_TIME,SAMP,SAMP_DTIM
SAMP,SAMP_TOP,SAMP,SAMP_TOP
SAMP,SAMP_TYPE,SAMP,SAMP_TYPE
SAMP,SAMP_UBLO,SAMP,SAMP_UBLO
SAMP,SAMP_WDEP,SAMP,SAMP_WDEP
SHBG,FILE_FSET,SHBG,FILE_FSET
SHBG,HOLE_ID,SHBG,LOCA_ID
SHBG,SAMP_REF,SHBG,SAMP_REF
SHBG,SAMP_TOP,SHBG,SAMP_TOP
SHBG,SAMP_TYPE,SHBG,SAMP_TYPE
SHBG,SHBG_PCOH,SHBG,SHBG_PCOH
SHBG,SHBG_PHI,SHBG,SHBG_PHI
SHBG,SHBG_RCOH,SHBG,SHBG_RCOH
SHBG,SHBG_REM,SHBG,SHBG_REM
SHBG,SHBG_RPHI,SHBG,SHBG_RPHI
SHBG,SHBG_TYPE,SHBG,SHBG_TYPE
SHBG,SPEC_DPTH,SHBG,SPEC_DPTH
SHBG,SPEC_REF,SHBG,SPEC_REF
SHBT,HOLE_ID,SHBT,LOCA_ID
SHBT,SAMP_REF,SHBT,SAMP_REF
SHBT,SAMP_TOP,SHBT,SAMP_TOP
SHBT,SAMP_TYPE,SHBT,SAMP_TYPE
SHBT,SHBT_BDEN,SHBT,SHBT_BDEN
SHBT,SHBT_DDEN,SHBT,SHBT_DDEN
SHBT,SHBT_DISP,SHBT,SHBT_DISP
SHBT,SHBT_IVR,SHBT,SHBT_IVR
SHBT,SHBT_MCF,SHBT,SHBT_MCF
SHBT,SHBT_MCI,SHBT,SHBT_MCI
SHBT,SHBT_NORM,SHBT,SHBT_NORM
SHBT,SHBT_PDEN,SHBT,SHBT_PDEN
SHBT,SHBT_PDIS,SHBT,SHBT_PDIS
SHBT,SHBT_PEAK,SHBT,SHBT_PEAK
SHBT,SHBT_RDIS,SHBT,SHBT_RDIS
SHBT,SHBT_REM,SHBT,SHBT_REM
SHBT,SHBT_RES,SHBT,SHBT_RES
SHBT,SHBT_TESN,SHBT,SHBT_TESN
SHBT,SPEC_DPTH,SHBT,SPEC_DPTH
SHBT,SPEC_REF,SHBT,SPEC_REF
STCN,FILE_FSET,CPTG,FILE_FSET
STCN,FILE_FSET,CPTT,FILE_FSET
STCN,HOLE_ID,CPTG,LOCA_ID
STCN,HOLE_ID,CPTT,LOCA_ID
STCN,STCN_CON,CPTT,CPTT_CON
STCN,STCN_DPTH,CPTT,CPTT_DPTH
STCN,STCN_FFD,CPTT,CPTT_FFD1
STCN,STCN_FID,CPTT,CPTT_FID
STCN,STCN_FRES,CPTT,CPTT_FS
STCN,STCN_PH,CPTT,CPTT_PH
STCN,STCN_PID,CPTT,CPTT_PID
STCN,STCN_PMT,CPTT,CPTT_FFD2
STCN,STCN_PWP1,CPTT,CPTT_U1
STCN,STCN_PWP2,CPTT,CPTT_U2
STCN,STCN_PWP3,CPTT,CPTT_U3
STCN,STCN_REDX,CPTT,CPTT_REDX
STCN,STCN_REF,CPTG,CPTG_REF
STCN,STCN_RES,CPTT,CPTT_QC
STCN,STCN_SLP1,CPTT,CPTT_INCX
STCN,STCN_SLP2,CPTT,CPTT_INCY
STCN,STCN_TEMP,CPTT,CPTT_TEMP
STCN,STCN_TYP,CPTG,CPTG_TYPE
TREM,FILE_FSET,TREM,FILE_FSET
TREM,HOLE_ID,TREM,LOCA_ID
TREM,TREM_DATE,TREM,TREM_DTIM
TREM,TREM_REM,TREM,TREM_REM
TREM,TREM_TIME,TREM,TREM_DTIM
TRIG,FILE_FSET,TRIG,FILE_FSET
TRIG,HOLE_ID,TRIG,LOCA_ID
TRIG,SAMP_REF,TRIG,SAMP_REF
TRIG,SAMP_TOP,TRIG,SAMP_TOP
TRIG,SAMP_TYPE,TRIG,SAMP_TYPE
TRIG,SPEC_DPTH,TRIG,SPEC_DPTH
TRIG,SPEC_REF,TRIG,SPEC_REF
TRIG,TRIG_COND,TRIG,TRIG_COND
TRIG,TRIG_CU,TRIT,TRIT_CU
TRIG,TRIG_REM,TRIG,TRIG_REM
TRIG,TRIG_TYPE,TRIG,TRIG_TYPE
TRIX,FILE_FSET,TRIG,FILE_FSET
TRIX,FILE_FSET,TRIT,FILE_FSET
TRIX,HOLE_ID,TRIG,LOCA_ID
TRIX,HOLE_ID,TRIT,LOCA_ID
TRIX,SAMP_REF,TRIG,SAMP_REF
TRIX,SAMP_REF,TRIT,SAMP_REF
TRIX,SAMP_TOP,TRIG,SAMP_TOP
TRIX,SAMP_TOP,TRIT,SAMP_TOP
TRIX,SAMP_TYPE,TRIG,SAMP_TYPE
TRIX,SAMP_TYPE,TRIT,SAMP_TYPE
TRIX,SPEC_DPTH,TRIG,SPEC_DPTH
TRIX,SPEC_DPTH,TRIT,SPEC_DPTH
TRIX,SPEC_REF,TRIG,SPEC_REF
TRIX,SPEC_REF,TRIT,SPEC_REF
TRIX,TRIX_BDEN,TRIT,TRIT_BDEN
TRIX,TRIX_CELL,TRIT,TRIT_CELL
TRIX,TRIX_CU,TRIT,TRIT_CU
TRIX,TRIX_DDEN,TRIT,TRIT_DDEN
TRIX,TRIX_DEVF,TRIT,TRIT_DEVF
TRIX,TRIX_MC,TRIT,TRIT_IMC
TRIX,TRIX_MODE,TRIT,TRIT_MODE
TRIX,TRIX_SDIA,TRIT,TRIT_SDIA
TRIX,TRIX_SLEN,TRIT,TRIT_SLEN
TRIX,TRIX_STRN,TRIT,TRIT_STRN
TRIX,TRIX_TESN,TRIT,TRIT_TESN
UNIT,UNIT_DESC,UNIT,UNIT_DESC
UNIT,UNIT_UNIT,UNIT,UNIT_UNIT
WETH,HOLE_ID,WETH,LOCA_ID
WETH,WETH_BASE,WETH,WETH_BASE
WETH,WETH_GRAD,WETH,WETH_WETH
WETH,WETH_REM,WETH,WETH_REM
WETH,WETH_TOP,WETH,WETH_TOP
WSTK,HOLE_ID,WSTG,LOCA_ID
WSTK,WSTK_CAS,WSTG,WSTG_CAS
WSTK,WSTK_DATE,WSTG,WSTG_DTIM
WSTK,WSTK_DEP,WSTG,WSTG_DPTH
WSTK,WSTK_FLOW,WSTG,WSTG_REM
WSTK,WSTK_NMIN,WSTD,WSTD_NMIN
WSTK,WSTK_POST,WSTD,WSTD_POST
WSTK,WSTK_SEAL,WSTG,WSTG_SEAL
WSTK,WSTK_TIME,WSTG,WSTG_DTIM
